醫療機構名稱,地址,連絡電話,項目
展立心理治療所,臺北市士林區中山北路五段527號3樓,(02)28830823,心理治療
奈思語言治療所,臺北市士林區中山北路五段685號10樓,,語言治療
愛能職能治療所,臺北市士林區天母北路10-1號1樓,(02)28768354,職能治療
天母品恆復健科診所,臺北市士林區忠誠路一段137號,(02)28386855,"物理治療, 職能治療, 語言治療, 心理治療"
用心說心理治療所,臺北市士林區福國路56巷17號1樓,,心理治療
用心說語言治療所,臺北市士林區福國路56巷17號1樓,,語言治療
宜康復健科診所,臺北市大同區民族西路124號,(02)25851555,職能治療
新旅程復健科診所,臺北市大同區民權西路237-9號、237之7號,(02)25858286,"物理治療, 職能治療"
大步語言治療所,臺北市大安區仁愛路四段122巷63號6樓之2,,語言治療
適群診所,臺北市大安區四維路198巷32號,(02)27553700,"物理治療, 職能治療, 語言治療"
適健復健科診所,臺北市大安區忠孝東路四段166號8樓,(02)87717039,"職能治療, 語言治療"
達仁診所,臺北市大安區信義路二段208號4樓,(02)23940006,"物理治療, 職能治療, 語言治療"
童伴心理治療所,臺北市大安區信義路三段190號6樓,(02)27555429,心理治療
杏誠復健科診所,臺北市大安區信義路四段173號2樓,(02)27061732,"物理治療, 職能治療, 語言治療"
仁生復健科診所,臺北市大安區信義路四段265巷17號1-2樓,(02)27030336,"物理治療, 職能治療, 語言治療"
萌語語言治療所,臺北市大安區復興南路一段323路9樓,(02)27000700,語言治療
大安宏兒職能治療所,臺北市大安區復興南路二段210巷20號,(02)29907792,職能治療
永誠復健科診所,臺北市大安區復興南路二段236號2樓,(02)27071608,"物理治療, 職能治療, 語言治療"
宇寧身心診所,臺北市大安區復興南路二段6號3樓,(02)27080706,心理治療
愛能大直職能治療所,臺北市中山區北安路595巷21號1樓,(02)28509112,職能治療
森林語言治療所,臺北市中山區民生西路16號5樓,(02)25239411,語言治療
珂斯汀物理治療所,臺北市中山區民生東路三段88巷8號1樓,,物理治療
承安診所(興安),臺北市中山區民生東路三段90號,(02)25032633,"職能治療, 語言治療"
響響語言治療所,臺北市中山區吉林路236巷5號,(02)25810992,語言治療
睦霖復健科診所,臺北市中山區松江路274號2樓,(02)25113500,"物理治療, 職能治療, 語言治療"
珂斯汀職能治療所,臺北市中山區松江路530號2樓,,職能治療
博士聽力所,臺北市中山區復興北路164號7樓之1,(02)27185125,語言治療
邁愷爾心理治療所,臺北市中山區復興北路50號4樓,(02)27217557,心理治療
童樂語言治療所,臺北市中山區撫順街41巷1-6號,,語言治療
中山適康復健科診所,臺北市中山區龍江路268號、270號2樓-1,(02)25155150,"物理治療, 職能治療, 語言治療"
彩虹樹職能治療所,臺北市中正區北平東路20號3樓,(02)23910586,職能治療
朗朗語言治療所,臺北市中正區忠孝西路一段45號11樓-4,,語言治療
愛迪樂物理治療所,臺北市中山區民生東路二段127巷19號,(02)25216043,"物理治療, 職能治療"
古亭適康復健科診所,臺北市中正區南昌路二段200號1-2樓、地下室,(02)23675885,"物理治療, 職能治療, 語言治療"
懷寧復健科診所,臺北市中正區懷寧街110號,(02)23122632,"物理治療, 職能治療, 語言治療"
夢飛翔物理治療所,臺北市中正區羅斯福路一段94號2樓,(02)23222223,職能治療
盛開兒青心理治療所,臺北市中正區羅斯福路二段10號5樓,(02)23913887,心理治療
吉兒心理治療所,臺北市中正區羅斯福路二段70號9樓,(02)23560511,心理治療
古亭復健診所,臺北市中正區羅斯福路三段162號一樓,(02)23680528,"職能治療, 語言治療"
適康復健科診所,臺北市內湖區文德路141號143號,(02)87977566,"物理治療, 職能治療, 語言治療"
紫陽復健科診所,臺北市內湖區文德路208巷8號1樓,(02)27988128,職能治療
內湖語言治療所,臺北市內湖區民權東路六段266號9樓,,語言治療
好好玩心理治療所,臺北市內湖區康寧路三段16巷78號1樓,"(02)26305631",心理治療
祐生復健科診所,臺北市內湖區康寧路三段54-11號1樓,(02)26341998,職能治療
恆新復健科診所,臺北市內湖區瑞光路337號7樓,(02)26278666,"物理治療, 職能治療, 語言治療, 心理治療"
國泰醫療財團法人內湖國泰診所,臺北市內湖區瑞光路337號C棟1-4樓,(02)87972121,"物理治療, 職能治療, 語言治療"
嘉美言語語言治療所,臺北市文山區興隆路三段152巷16號1樓,,語言治療
文山復健科診所,臺北市文山區興隆路三段207之4號1樓,(02)22397887,職能治療
合康復健科診所,臺北市文山區興隆路四段217號1-2樓,(02)29368421,"物理治療, 職能治療"
萬隆力康復健科診所,臺北市文山區羅斯福路五段127號2樓、129號2樓,(02)89319799 ,"物理治療, 職能治療, 語言治療"
祐民聯合診所,臺北市北投區中央南路一段207號,(02)28951301,職能治療
石牌實和復健診所,臺北市北投區文林北路262號1樓,(02)28273255,"物理治療, 職能治療, 語言治療"
旭康復健科診所,臺北市北投區石牌路一段40號,(02)28280067,"物理治療, 職能治療, 語言治療"
辰光心理治療所,臺北市北投區立農街二段202巷2弄1號,,心理治療
天母力康診所,臺北市北投區明德路365號教學大樓3樓,(02)28210866,"物理治療, 職能治療, 語言治療"
家語言治療所,臺北市北投區致遠一路2段107號,(02)28217003,語言治療
稻香職能治療所-委託臺北榮民總醫院經營管理,臺北市北投區稻香路81號,(02)28956001,職能治療
安安優腦職能治療所,臺北市北投區磺港路8號7樓,(02)28912323,職能治療
悠適復健科診所,臺北市松山區光復北路11巷65.67號,(02)27493088,"物理治療, 職能治療, 語言治療"
正風復健科診所,臺北市松山區光復北路135號1樓,(02)27602666,"職能治療, 語言治療"
松原復健診所,臺北市松山區光復北路206號1樓,(02)87123552,職能治療
康健診所,臺北市松山區延吉街11號2樓,(02)25779682,"物理治療, 職能治療, 心理治療"
轉轉心理治療所,臺北市松山區南京東路四段50號9樓之6,(02)25796965,心理治療
荷普職能治療所,臺北市松山區敦化北路114、116號2樓,(02)25472315,"職能治療, 語言治療"
安兒康小兒專科診所,臺北市松山區敦化北路118號,(02)77287688,心理治療
六安復健科診所,臺北市信義區吳興街467巷2弄14號,(02)27296677,"物理治療, 職能治療"
原力復健科診所,臺北市信義區基隆路二段145號B1、1、2樓,(02)27327091,"物理治療, 職能治療, 語言治療, 心理治療"
順康復健科診所,臺北市信義區莊敬路364號1、2樓,(02)23450011,"物理治療, 職能治療"
開馨診所,臺北市南港區南港路二段38巷6-1號1 樓,(02)26532987,"職能治療, 語言治療, 心理治療"
彭聆語言治療所,臺北市萬華區中華路一段16號,(02)23880648,語言治療
瑞生診所,臺北市萬華區西園路二段250號2樓,(02)23012788,職能治療
永康診所,臺北市萬華區桂林路47號,(02)23123455,職能治療
